<?xml version="1.0" encoding="UTF-8"?>
<project-private xmlns="http://www.netbeans.org/ns/project-private/1">
    <editor-bookmarks xmlns="http://www.netbeans.org/ns/editor-bookmarks/2" lastBookmarkId="0"/>
    <open-files xmlns="http://www.netbeans.org/ns/projectui-open-files/2">
        <group>
            <file>file:/C:/Users/lomba/Desktop/Programación%20EGG/Segundo%20tramo/Backend/Guia%2011-%20Relaciones%20de%20clase/EjGuia12Electrodomestico/src/entities/Electrodomestico.java</file>
            <file>file:/C:/Users/lomba/Desktop/Programación%20EGG/Segundo%20tramo/Backend/Guia%2011-%20Relaciones%20de%20clase/EjGuia12Electrodomestico/src/services/TeleService.java</file>
            <file>file:/C:/Users/lomba/Desktop/Programación%20EGG/Segundo%20tramo/Backend/Guia%2011-%20Relaciones%20de%20clase/EjGuia12Electrodomestico/src/services/LavaService.java</file>
            <file>file:/C:/Users/lomba/Desktop/Programación%20EGG/Segundo%20tramo/Backend/Guia%2011-%20Relaciones%20de%20clase/EjGuia12Electrodomestico/src/services/ElecService.java</file>
            <file>file:/C:/Users/lomba/Desktop/Programación%20EGG/Segundo%20tramo/Backend/Guia%2011-%20Relaciones%20de%20clase/EjGuia12Electrodomestico/src/entities/Lavadora.java</file>
            <file>file:/C:/Users/lomba/Desktop/Programación%20EGG/Segundo%20tramo/Backend/Guia%2011-%20Relaciones%20de%20clase/EjGuia12Electrodomestico/src/entities/Televisor.java</file>
            <file>file:/C:/Users/lomba/Desktop/Programación%20EGG/Segundo%20tramo/Backend/Guia%2011-%20Relaciones%20de%20clase/EjGuia12Electrodomestico/src/ejguia12electrodomestico/EjGuia12Electrodomestico.java</file>
        </group>
    </open-files>
</project-private>
